City_ID,City,Country,Date,Latitude,Longitude,Max Temperature,Humidity,Cloudiness,Winds
0,Takoradi,GH,2020-11-04 05:38:07,4.88,-1.76,78.35,86,50,4.61
1,Bredasdorp,ZA,2020-11-04 05:38:07,-34.53,20.04,66.2,93,45,6.93
2,Alice Springs,AU,2020-11-04 05:35:48,-23.7,133.88,100.4,6,0,9.17
3,Hasaki,JP,2020-11-04 05:38:07,35.73,140.83,66.0,30,20,12.75
4,Vao,NC,2020-11-04 05:38:08,-22.67,167.48,73.54,85,100,3.36
5,Cape Town,ZA,2020-11-04 05:38:08,-33.93,18.42,68.0,72,0,10.29
6,Yulara,AU,2020-11-04 05:38:08,-25.24,130.99,95.0,17,68,5.82
7,Sault Sainte Marie,CA,2020-11-04 05:38:08,46.52,-84.33,39.2,93,1,5.82
8,Morondava,MG,2020-11-04 05:38:09,-20.28,44.28,81.54,63,0,4.05
9,Rikitea,PF,2020-11-04 05:38:09,-23.12,-134.97,72.97,81,23,19.48
10,Jamestown,US,2020-11-04 05:35:17,42.1,-79.24,44.01,69,1,8.05
11,Castro,BR,2020-11-04 05:38:10,-24.79,-50.01,50.34,95,58,3.31
12,Talnakh,RU,2020-11-04 05:38:10,69.49,88.4,-7.6,83,0,4.47
13,Murupara,NZ,2020-11-04 05:38:11,-38.47,176.7,66.0,89,100,3.0
14,Zhanaozen,KZ,2020-11-04 05:38:11,43.3,52.8,65.23,23,100,22.01
15,Barra Patuca,HN,2020-11-04 05:38:12,15.8,-84.28,79.7,87,100,15.82
16,Pacific Grove,US,2020-11-04 05:36:27,36.62,-121.92,52.0,81,1,5.82
17,Punta Arenas,CL,2020-11-04 05:38:12,-53.15,-70.92,44.6,93,90,12.75
18,Fortuna,US,2020-11-04 05:34:25,40.6,-124.16,55.0,100,90,3.76
19,Walvis Bay,NA,2020-11-04 05:38:12,-22.96,14.51,55.99,100,0,1.12
20,Yellowknife,CA,2020-11-04 05:36:36,62.46,-114.35,6.8,84,90,10.29
21,Port Hardy,CA,2020-11-04 05:38:13,50.7,-127.42,50.0,93,90,4.7
22,Mumford,GH,2020-11-04 05:38:13,5.26,-0.76,78.93,86,26,5.57
23,Hobart,AU,2020-11-04 05:34:04,-42.88,147.33,68.0,34,0,18.34
24,Saskylakh,RU,2020-11-04 05:38:14,71.92,114.08,-4.27,91,98,3.58
25,Flinders,AU,2020-11-04 05:38:14,-34.58,150.86,78.01,65,79,3.0
26,Springbok,ZA,2020-11-04 05:38:14,-29.66,17.89,60.69,64,25,3.62
27,Malartic,CA,2020-11-04 05:38:14,48.13,-78.13,25.0,92,90,14.99
28,Cidreira,BR,2020-11-04 05:38:15,-30.18,-50.21,59.23,81,2,11.12
29,Liverpool,GB,2020-11-04 05:35:26,53.41,-2.98,46.99,100,40,4.7
30,Ponta Do Sol,PT,2020-11-04 05:38:15,32.67,-17.1,62.6,72,75,20.8
31,Mount Isa,AU,2020-11-04 05:38:06,-20.73,139.5,102.2,14,40,6.93
32,Hermanus,ZA,2020-11-04 05:38:16,-34.42,19.23,69.01,85,61,3.0
33,East London,ZA,2020-11-04 05:38:16,-33.02,27.91,66.2,93,75,8.05
34,Malaya Serdoba,RU,2020-11-04 05:38:16,52.47,44.95,44.92,68,72,7.78
35,Ushuaia,AR,2020-11-04 05:38:16,-54.8,-68.3,48.2,57,75,3.36
36,Tianpeng,CN,2020-11-04 05:38:17,30.99,103.94,66.99,1,86,2.39
37,Longyearbyen,SJ,2020-11-04 05:38:17,78.22,15.64,30.2,74,40,20.8
38,Axim,GH,2020-11-04 05:38:17,4.87,-2.24,77.45,88,8,4.63
39,Los Llanos De Aridane,ES,2020-11-04 05:38:17,28.66,-17.92,71.6,83,75,18.34
40,Kabinda,CD,2020-11-04 05:38:18,-6.13,24.48,74.79,85,96,2.1
41,Hamilton,US,2020-11-04 05:33:49,39.18,-84.53,50.0,57,1,9.17
42,Barrow,US,2020-11-04 05:38:18,71.29,-156.79,15.8,78,90,16.11
43,Padang,ID,2020-11-04 05:38:18,-0.95,100.35,85.57,58,100,3.47
44,Constitucion,CL,2020-11-04 05:38:19,-35.33,-72.42,54.39,64,9,8.46
45,Det Udom,TH,2020-11-04 05:35:45,14.91,105.08,86.0,62,40,12.75
46,Samarai,PG,2020-11-04 05:38:19,-10.62,150.67,81.54,81,87,12.86
47,Esperance,AU,2020-11-04 05:38:20,-33.87,121.9,62.6,63,75,17.22
48,Nouadhibou,MR,2020-11-04 05:38:20,20.93,-17.03,66.2,68,0,12.75
49,Horsham,GB,2020-11-04 05:38:21,51.06,-0.33,39.0,88,0,1.12
50,Pitimbu,BR,2020-11-04 05:38:21,-7.47,-34.81,77.0,88,40,4.7
51,Avarua,CK,2020-11-04 05:37:40,-21.21,-159.78,75.2,78,100,9.17
52,Vaini,TO,2020-11-04 05:38:21,-21.2,-175.2,77.0,83,75,12.75
53,Hithadhoo,MV,2020-11-04 05:38:22,-0.6,73.08,83.55,71,84,7.11
54,Port Elizabeth,ZA,2020-11-04 05:38:22,-33.92,25.57,66.2,93,75,8.05
55,Cabo San Lucas,MX,2020-11-04 05:36:43,22.89,-109.91,75.99,79,0,6.4
56,Yalutorovsk,RU,2020-11-04 05:38:22,56.65,66.3,32.63,94,1,12.3
57,Caravelas,BR,2020-11-04 05:38:22,-17.71,-39.25,68.02,90,100,2.55
58,Bengkulu,ID,2020-11-04 05:38:23,-3.8,102.27,83.88,68,68,7.61
59,Ugoofaaru,MV,2020-11-04 05:38:23,5.67,73.0,82.4,68,4,3.56
60,Lebu,CL,2020-11-04 05:38:23,-37.62,-73.65,52.88,88,89,2.89
61,Baijiantan,CN,2020-11-04 05:38:23,45.63,85.18,53.15,37,98,32.68
62,Albany,US,2020-11-04 05:34:38,42.6,-73.97,34.0,78,5,2.82
63,Pergamino,AR,2020-11-04 05:38:24,-33.89,-60.57,62.01,75,10,1.99
64,Iringa,TZ,2020-11-04 05:38:24,-7.77,35.7,62.6,67,20,4.59
65,Ilulissat,GL,2020-11-04 05:38:24,69.22,-51.1,35.6,74,100,11.41
66,New Norfolk,AU,2020-11-04 05:38:25,-42.78,147.06,62.01,49,84,3.0
67,Saint George,US,2020-11-04 05:33:47,37.1,-113.58,63.0,33,1,9.17
68,Ribeira Grande,PT,2020-11-04 05:38:25,38.52,-28.7,61.41,66,47,13.53
69,Mataura,NZ,2020-11-04 05:38:25,-46.19,168.86,63.0,78,30,11.01
70,Kavaratti,IN,2020-11-04 05:38:25,10.57,72.64,82.8,70,0,4.65
71,Alta Floresta,BR,2020-11-04 05:34:49,-9.88,-56.09,70.74,95,47,1.68
72,Georgetown,MY,2020-11-04 05:38:26,5.41,100.34,84.2,74,20,4.7
73,Felanitx,ES,2020-11-04 05:38:26,39.47,3.15,60.8,82,20,8.05
74,Busselton,AU,2020-11-04 05:38:27,-33.65,115.33,73.99,31,86,4.29
75,Bluff,NZ,2020-11-04 05:38:27,-46.6,168.33,63.0,78,26,11.01
76,Copiapo,CL,2020-11-04 05:38:27,-27.37,-70.33,55.4,82,62,6.93
77,Buala,SB,2020-11-04 05:38:27,-8.14,159.59,84.2,73,97,6.46
78,Port Alfred,ZA,2020-11-04 05:38:28,-33.59,26.89,69.03,78,99,6.29
79,Tasiilaq,GL,2020-11-04 05:38:28,65.61,-37.64,32.0,96,100,29.97
80,Rocha,UY,2020-11-04 05:37:26,-34.48,-54.33,46.63,88,0,2.15
81,Brae,GB,2020-11-04 05:38:28,60.4,-1.35,46.4,81,89,25.28
82,Atuona,PF,2020-11-04 05:38:28,-9.8,-139.03,78.4,79,16,21.32
83,Micomeseng,GQ,2020-11-04 05:38:29,2.15,10.62,70.11,98,100,0.89
84,Butaritari,KI,2020-11-04 05:38:29,3.07,172.79,81.64,72,86,16.28
85,Thompson,CA,2020-11-04 05:38:29,55.74,-97.86,23.0,100,90,3.78
86,Bethel,US,2020-11-04 05:33:30,41.37,-73.41,34.0,80,75,1.25
87,Paranavai,BR,2020-11-04 05:38:30,-23.07,-52.47,66.09,57,5,3.0
88,Acarau,BR,2020-11-04 05:38:30,-2.89,-40.12,78.8,80,81,8.28
89,Tignere,CM,2020-11-04 05:38:31,7.37,12.65,69.21,75,76,1.57
90,Pisco,PE,2020-11-04 05:34:35,-13.7,-76.22,62.6,82,0,6.93
91,Rovaniemi,FI,2020-11-04 05:35:24,66.5,25.72,33.8,100,0,10.29
92,Sfantu Gheorghe,RO,2020-11-04 05:38:32,45.87,25.78,44.01,82,63,1.99
93,Tombouctou,ML,2020-11-04 05:38:32,20.0,-3.0,76.08,18,26,8.32
94,Kulotino,RU,2020-11-04 05:38:32,58.45,33.38,42.87,94,47,6.15
95,Phalodi,IN,2020-11-04 05:38:32,27.13,72.37,87.46,13,0,8.23
96,Airai,TL,2020-11-04 05:38:33,-8.93,125.41,80.24,42,74,5.48
97,Luganville,VU,2020-11-04 05:38:33,-15.53,167.17,81.41,79,96,5.55
98,Tekeli,KZ,2020-11-04 05:38:33,44.83,78.82,42.03,56,53,6.6
99,Beringovskiy,RU,2020-11-04 05:38:33,63.05,179.32,27.03,92,86,12.44
100,Soanierana Ivongo,MG,2020-11-04 05:38:33,-16.92,49.58,77.04,62,89,4.47
101,Iqaluit,CA,2020-11-04 05:38:34,63.75,-68.51,8.6,78,40,29.97
102,San Patricio,US,2020-11-04 05:38:34,28.02,-97.52,59.0,93,20,3.36
103,Abu Samrah,SY,2020-11-04 05:38:34,35.3,37.18,65.64,63,93,11.9
104,Saint-Philippe,RE,2020-11-04 05:38:34,-21.36,55.77,77.0,50,0,16.11
105,Dikson,RU,2020-11-04 05:38:35,73.51,80.55,1.71,92,0,7.09
106,Provideniya,RU,2020-11-04 05:38:35,64.38,-173.3,19.38,86,18,7.83
107,Paamiut,GL,2020-11-04 05:38:35,61.99,-49.67,34.2,86,100,29.28
108,Pevek,RU,2020-11-04 05:38:35,69.7,170.31,-2.04,88,15,10.65
109,Salta,AR,2020-11-04 05:38:35,-24.79,-65.41,57.2,62,0,2.37
110,Chuy,UY,2020-11-04 05:38:36,-33.7,-53.46,53.78,75,0,8.03
111,Biltine,TD,2020-11-04 05:38:36,14.53,20.92,79.52,23,1,20.65
112,Coro,VE,2020-11-04 05:38:36,11.4,-69.67,78.13,83,61,11.86
113,Qaanaaq,GL,2020-11-04 05:38:37,77.48,-69.36,-3.91,80,78,4.29
114,Mayumba,GA,2020-11-04 05:38:37,-3.43,10.66,78.48,88,89,3.87
115,Khatanga,RU,2020-11-04 05:38:37,71.97,102.5,-1.46,93,90,6.85
116,Nemuro,JP,2020-11-04 05:38:37,43.32,145.57,42.8,52,40,5.82
117,Kununurra,AU,2020-11-04 05:38:37,-15.77,128.73,104.0,21,64,8.05
118,Hami,CN,2020-11-04 05:38:38,42.8,93.45,54.16,35,0,2.13
119,Grand-Lahou,CI,2020-11-04 05:38:38,5.14,-5.02,77.86,88,6,4.9
120,Karasjok,NO,2020-11-04 05:38:38,69.47,25.51,33.8,74,0,13.87
121,Kahului,US,2020-11-04 05:38:38,20.89,-156.47,80.6,74,40,16.11
122,Arica,CL,2020-11-04 05:38:39,-18.48,-70.3,59.85,81,82,3.94
123,Luba,GQ,2020-11-04 05:38:39,3.46,8.55,73.4,100,40,3.36
124,Kaitangata,NZ,2020-11-04 05:38:39,-46.28,169.85,62.01,75,3,10.0
125,Tura,IN,2020-11-04 05:38:40,25.52,90.22,79.38,50,0,4.05
126,Cockburn Town,TC,2020-11-04 05:36:39,21.46,-71.14,82.0,77,100,15.46
127,Norman Wells,CA,2020-11-04 05:38:41,65.28,-126.83,-0.4,84,75,3.36
128,Chacarita,CR,2020-11-04 05:38:41,9.98,-84.77,68.0,100,90,5.82
129,Barras,BR,2020-11-04 05:38:41,-4.24,-42.29,74.28,94,100,1.97
130,Mayor Pablo Lagerenza,PY,2020-11-04 05:38:41,-19.93,-60.77,69.08,39,0,2.71
131,Tateyama,JP,2020-11-04 05:38:42,34.98,139.87,66.0,51,40,8.05
132,Mitu,CO,2020-11-04 05:38:42,1.2,-70.17,72.39,98,99,1.57
133,Paita,PE,2020-11-04 05:38:42,-5.09,-81.11,60.96,84,30,8.37
134,Mahebourg,MU,2020-11-04 05:38:42,-20.41,57.7,77.0,53,75,16.11
135,George Town,MY,2020-11-04 05:38:43,5.41,100.34,84.2,74,20,4.7
136,Sydney,AU,2020-11-04 05:34:00,-33.87,151.21,75.2,50,0,20.8
137,Saldanha,ZA,2020-11-04 05:38:43,-33.01,17.94,60.8,87,62,5.82
138,Puerto Ayora,EC,2020-11-04 05:38:43,-0.74,-90.35,68.0,96,94,5.01
139,Aldan,RU,2020-11-04 05:38:44,58.6,125.39,14.7,96,100,5.79
140,Birjand,IR,2020-11-04 05:38:44,32.87,59.22,59.0,19,0,6.93
141,Nyurba,RU,2020-11-04 05:38:44,63.28,118.33,14.5,95,45,3.47
142,Atar,MR,2020-11-04 05:38:44,20.52,-13.05,76.68,19,4,8.03
143,Faanui,PF,2020-11-04 05:38:45,-16.48,-151.75,79.43,82,100,18.14
144,Port Blair,IN,2020-11-04 05:38:45,11.67,92.75,85.01,67,10,7.99
145,Peterhead,GB,2020-11-04 05:38:45,57.51,-1.8,46.99,81,40,12.75
146,Talaya,RU,2020-11-04 05:38:45,61.38,152.75,6.66,92,100,7.7
147,Nosy Varika,MG,2020-11-04 05:38:46,-20.58,48.53,77.61,59,72,7.0
148,Hilo,US,2020-11-04 05:38:46,19.73,-155.09,80.6,78,90,4.83
149,Belyy Yar,RU,2020-11-04 05:38:46,53.6,91.39,32.0,77,0,4.47
150,Fairbanks,US,2020-11-04 05:35:32,64.84,-147.72,-22.0,74,20,0.38
151,Kapaa,US,2020-11-04 05:38:46,22.08,-159.32,78.8,88,90,9.17
152,Roma,US,2020-11-04 05:38:47,43.21,-75.46,34.0,69,90,6.93
153,Hamadan,IR,2020-11-04 05:38:47,34.8,48.51,51.8,53,75,2.24
154,Warrington,GB,2020-11-04 05:38:47,53.39,-2.58,41.0,100,40,4.7
155,Codrington,AU,2020-11-04 05:38:47,-38.27,141.97,54.73,78,86,13.71
156,Khani,GE,2020-11-04 05:38:48,41.96,42.96,64.4,68,0,23.04
157,Te Anau,NZ,2020-11-04 05:38:48,-45.42,167.72,61.23,77,69,5.23
158,Nabire,ID,2020-11-04 05:38:42,-3.37,135.48,86.11,62,100,11.95
159,Medeiros Neto,BR,2020-11-04 05:38:49,-17.37,-40.22,64.74,92,98,0.49
160,Tuktoyaktuk,CA,2020-11-04 05:38:49,69.45,-133.04,12.2,85,90,14.99
161,Tuatapere,NZ,2020-11-04 05:38:49,-46.13,167.68,63.0,78,47,11.01
162,Arman,RU,2020-11-04 05:38:50,59.7,150.17,29.52,94,67,6.46
163,Verkhnevilyuysk,RU,2020-11-04 05:38:50,63.45,120.32,13.48,95,74,3.58
164,Ewo,CG,2020-11-04 05:38:50,-0.87,14.82,75.2,86,62,2.98
165,Kaeo,NZ,2020-11-04 05:38:51,-35.1,173.78,66.99,89,100,10.0
166,Aberdeen,GB,2020-11-04 05:37:01,57.14,-2.1,44.01,81,40,12.75
167,Cayenne,GF,2020-11-04 05:38:51,4.93,-52.33,77.0,100,90,7.52
168,Batagay,RU,2020-11-04 05:38:52,67.63,134.63,-16.98,87,8,1.14
169,Luanda,AO,2020-11-04 05:38:19,-8.84,13.23,78.8,83,75,6.93
170,Husavik,IS,2020-11-04 05:38:52,66.04,-17.34,42.8,70,75,19.46
171,Jalu,LY,2020-11-04 05:38:52,29.03,21.55,61.92,75,0,5.41
172,Kalachinsk,RU,2020-11-04 05:38:52,55.05,74.58,32.29,87,98,16.69
173,Lompoc,US,2020-11-04 05:38:53,34.64,-120.46,57.2,93,90,7.27
174,Upernavik,GL,2020-11-04 05:38:53,72.79,-56.15,20.23,97,100,8.05
175,Virginia Beach,US,2020-11-04 05:34:50,36.85,-75.98,46.4,75,1,3.29
176,Port Keats,AU,2020-11-04 05:38:53,-14.25,129.55,88.61,59,100,13.22
177,Opportunity,US,2020-11-04 05:38:53,47.65,-117.24,50.0,76,90,4.97
178,Russkaya Polyana,UA,2020-11-04 05:38:54,49.42,31.92,44.42,92,1,4.94
179,Road Town,VG,2020-11-04 05:38:54,18.42,-64.62,81.0,80,86,18.99
180,Auki,SB,2020-11-04 05:38:54,-8.77,160.7,83.93,72,99,4.74
181,Santa Vitoria Do Palmar,BR,2020-11-04 05:38:54,-33.52,-53.37,54.52,71,0,8.34
182,Trairi,BR,2020-11-04 05:38:55,-3.28,-39.27,78.62,82,72,6.93
183,Broken Hill,AU,2020-11-04 05:38:55,-31.95,141.43,80.6,34,100,14.99
184,Bintulu,MY,2020-11-04 05:38:55,3.17,113.03,89.6,66,40,6.93
185,Port-Cartier,CA,2020-11-04 05:38:55,50.03,-66.87,19.4,62,0,8.05
186,Namibe,AO,2020-11-04 05:38:56,-15.2,12.15,69.1,65,0,6.35
187,Aksu,CN,2020-11-04 05:38:56,41.12,80.26,55.76,33,21,0.16
188,Muisne,EC,2020-11-04 05:38:56,0.6,-80.03,73.72,83,100,8.55
189,Tatawin,TN,2020-11-04 05:38:56,32.93,10.45,60.8,55,77,4.7
190,Haines Junction,CA,2020-11-04 05:38:57,60.75,-137.51,-2.2,84,99,2.33
191,Itoman,JP,2020-11-04 05:38:03,26.12,127.67,77.0,47,75,21.92
192,Pangkalanbuun,ID,2020-11-04 05:38:57,-2.68,111.62,85.87,76,84,3.27
193,Scarborough,GB,2020-11-04 05:38:57,54.28,-0.4,42.01,87,8,1.99
194,Sitia,GR,2020-11-04 05:38:58,35.2,26.1,69.01,66,98,15.01
195,Gravdal,NO,2020-11-04 05:38:58,68.12,13.5,44.6,81,75,18.34
196,Koygorodok,RU,2020-11-04 05:38:58,60.45,51.0,36.43,95,84,10.2
197,Slave Lake,CA,2020-11-04 05:38:59,55.28,-114.77,42.8,70,90,3.36
198,Kimbe,PG,2020-11-04 05:38:59,-5.55,150.14,78.51,89,100,5.14
199,Severo-Kurilsk,RU,2020-11-04 05:38:59,50.68,156.12,40.03,74,64,9.66
200,Mar Del Plata,AR,2020-11-04 05:38:12,-38.0,-57.56,60.01,87,40,10.29
201,Mount Gambier,AU,2020-11-04 05:39:00,-37.83,140.77,60.8,55,40,17.22
202,San Cristobal,VE,2020-11-04 05:39:01,7.77,-72.22,66.38,92,95,1.39
203,Nuuk,GL,2020-11-04 05:39:01,64.18,-51.72,33.8,69,83,39.15
204,Nome,US,2020-11-04 05:39:01,64.5,-165.41,24.8,73,20,20.8
205,Mayo,US,2020-11-04 05:39:01,38.89,-76.51,46.4,100,1,4.18
206,Grand Forks,US,2020-11-04 05:39:02,47.94,-97.43,42.8,52,1,6.55
207,Erzin,TR,2020-11-04 05:39:02,36.96,36.2,57.2,100,75,4.7
208,Chokurdakh,RU,2020-11-04 05:39:02,70.63,147.92,-17.19,80,0,2.17
209,Kirakira,SB,2020-11-04 05:39:03,-10.45,161.92,83.34,74,100,6.53
210,Vila Franca Do Campo,PT,2020-11-04 05:39:03,37.72,-25.43,59.0,67,75,8.05
211,Santa Elena,EC,2020-11-04 05:39:03,-2.23,-80.85,69.58,81,96,8.52
212,Vangaindrano,MG,2020-11-04 05:39:03,-23.35,47.6,77.09,67,69,10.0
213,San Felipe,VE,2020-11-04 05:39:04,10.34,-68.74,72.16,93,70,0.58
214,Popondetta,PG,2020-11-04 05:39:04,-8.75,148.25,79.16,93,100,1.36
215,Antalaha,MG,2020-11-04 05:39:04,-14.9,50.28,76.51,70,96,9.42
216,San Carlos,VE,2020-11-04 05:39:04,9.66,-68.58,71.91,94,7,2.33
217,Egvekinot,RU,2020-11-04 05:39:04,66.32,-179.17,5.74,77,0,1.28
218,Caxito,AO,2020-11-04 05:39:05,-8.58,13.66,78.8,83,75,6.93
219,Meulaboh,ID,2020-11-04 05:39:05,4.14,96.13,82.89,72,100,5.44
220,Opelousas,US,2020-11-04 05:39:05,30.53,-92.08,48.0,93,1,2.98
221,Souillac,MU,2020-11-04 05:39:05,-20.52,57.52,77.0,53,75,16.11
222,Kudahuvadhoo,MV,2020-11-04 05:39:05,2.67,72.89,83.66,66,88,4.92
223,Chippewa Falls,US,2020-11-04 05:39:06,44.94,-91.39,53.6,54,1,6.93
224,Tiksi,RU,2020-11-04 05:39:06,71.69,128.87,5.4,95,100,4.63
225,Kathmandu,NP,2020-11-04 05:37:38,27.72,85.32,75.2,50,20,3.36
226,Bambous Virieux,MU,2020-11-04 05:39:06,-20.34,57.76,77.0,53,75,16.11
227,Muravlenko,RU,2020-11-04 05:39:07,63.79,74.52,31.06,99,100,18.41
228,Sorland,NO,2020-11-04 05:39:07,67.67,12.69,44.6,81,75,18.34
229,Sibu,MY,2020-11-04 05:39:07,2.3,111.82,87.8,70,40,4.7
230,Emerald,AU,2020-11-04 05:39:07,-23.53,148.17,91.99,33,0,2.24
231,Sechelt,CA,2020-11-04 05:39:08,49.47,-123.77,55.0,94,100,4.0
232,San Quintin,MX,2020-11-04 05:39:08,30.48,-115.95,52.0,2,91,5.01
233,Narsaq,GL,2020-11-04 05:39:08,60.92,-46.05,33.8,86,100,10.29
234,Effium,NG,2020-11-04 05:39:08,6.63,8.06,74.98,95,99,5.91
235,Malacacheta,BR,2020-11-04 05:39:09,-17.84,-42.08,62.17,93,99,2.35
236,Princeton,US,2020-11-04 05:37:14,25.54,-80.41,75.0,64,20,14.99
237,Bonavista,CA,2020-11-04 05:39:10,48.65,-53.11,39.99,86,71,3.36
238,Najran,SA,2020-11-04 05:39:10,17.49,44.13,66.2,22,0,2.24
239,Sinyavskoye,RU,2020-11-04 05:39:10,47.28,39.28,51.8,87,20,11.18
240,Marsassoum,SN,2020-11-04 05:39:11,12.83,-15.98,77.0,100,0,2.24
241,Fort Nelson,CA,2020-11-04 05:39:11,58.81,-122.7,10.4,92,90,5.82
242,Biak,ID,2020-11-04 05:39:11,-0.91,122.88,83.46,67,90,3.06
243,Luderitz,NA,2020-11-04 05:39:12,-26.65,15.16,61.56,85,49,7.25
244,Ayan,RU,2020-11-04 05:39:12,56.45,138.17,15.24,87,100,31.03
245,Clyde River,CA,2020-11-04 05:39:12,70.47,-68.59,3.2,77,40,14.99
246,Ous,RU,2020-11-04 05:39:12,60.91,61.52,36.99,80,60,7.7
247,Urumqi,CN,2020-11-04 05:39:13,43.8,87.6,48.2,36,0,4.47
248,Waipawa,NZ,2020-11-04 05:39:13,-41.41,175.52,69.8,64,87,18.34
249,Feijo,BR,2020-11-04 05:39:13,-8.16,-70.35,74.82,76,31,0.16
250,Karratha,AU,2020-11-04 05:39:13,-20.74,116.85,93.25,27,0,14.0
251,Ahuimanu,US,2020-11-04 05:39:14,21.44,-157.84,82.4,83,90,8.05
252,Wabana,CA,2020-11-04 05:39:14,47.63,-52.95,44.01,100,90,25.28
253,Pundaguitan,PH,2020-11-04 05:39:14,6.37,126.17,83.66,73,24,5.03
254,Kodiak,US,2020-11-04 05:39:14,57.79,-152.41,26.6,45,1,14.99
255,Non Sang,TH,2020-11-04 05:39:14,16.87,102.57,88.0,69,75,3.36
256,Yaan,NG,2020-11-04 05:39:15,7.38,8.57,74.28,94,94,3.89
257,Mikumi,TZ,2020-11-04 05:39:15,-7.4,36.98,77.23,64,85,2.08
258,Vestmannaeyjar,IS,2020-11-04 05:39:15,63.44,-20.27,47.03,96,100,18.81
259,Tamworth,GB,2020-11-04 05:39:15,52.63,-1.7,37.0,87,0,6.2
260,Monrovia,LR,2020-11-04 05:39:16,6.3,-10.8,77.67,90,36,5.53
261,Drovyanaya,RU,2020-11-04 05:39:16,51.58,113.03,32.0,80,40,6.71
262,Korgen,NO,2020-11-04 05:39:16,66.08,13.82,41.0,93,75,8.05
263,Anadyr,RU,2020-11-04 05:39:16,64.75,177.48,14.0,66,20,2.24
264,Pakxan,LA,2020-11-04 05:39:17,18.38,103.66,86.32,48,6,5.08
265,Arraial Do Cabo,BR,2020-11-04 05:39:17,-22.97,-42.03,66.87,89,100,16.82
266,Yuzhnyy,RU,2020-11-04 05:39:17,53.25,83.69,28.4,79,75,13.42
267,Sibenik,HR,2020-11-04 05:39:17,43.73,15.91,53.6,87,0,3.36
268,Ahipara,NZ,2020-11-04 05:39:17,-35.17,173.17,64.87,84,100,9.95
269,Alghero,IT,2020-11-04 05:39:18,40.56,8.32,50.0,100,72,3.36
270,Bargarh,IN,2020-11-04 05:39:18,21.33,83.62,83.82,44,0,3.13
271,Gushikawa,JP,2020-11-04 05:39:18,26.35,127.87,73.4,56,75,19.46
272,Carnarvon,AU,2020-11-04 05:39:18,-24.87,113.63,82.4,54,0,21.92
273,Sayyan,YE,2020-11-04 05:39:19,15.17,44.32,58.08,30,0,2.19
274,Grand Gaube,MU,2020-11-04 05:39:19,-20.01,57.66,77.0,57,35,11.01
275,Saint-Pierre,RE,2020-11-04 05:39:19,-21.34,55.48,77.0,50,0,16.11
276,Mecca,SA,2020-11-04 05:39:20,21.43,39.83,81.23,63,0,2.28
277,Nueva Italia,PY,2020-11-04 05:39:20,-25.62,-57.5,71.6,43,0,6.93
278,Smiths Falls,CA,2020-11-04 05:39:20,44.9,-76.02,28.99,77,63,6.76
279,Salalah,OM,2020-11-04 05:39:21,17.02,54.09,80.6,51,0,2.24
280,Grand Island,US,2020-11-04 05:36:39,40.92,-98.34,59.0,44,1,10.29
281,Amahai,ID,2020-11-04 05:39:21,-3.33,128.92,81.28,78,100,2.35
282,Aden,YE,2020-11-04 05:34:56,12.78,45.04,80.64,69,16,12.97
283,Ribeirao Preto,BR,2020-11-04 05:39:22,-21.18,-47.81,66.2,68,0,10.29
284,Tarauaca,BR,2020-11-04 05:39:22,-8.16,-70.77,73.71,82,54,1.52
285,Khandbari,NP,2020-11-04 05:39:22,27.37,87.2,80.17,37,23,4.7
286,Harper,LR,2020-11-04 05:39:22,4.38,-7.72,77.88,88,8,9.53
287,Vardo,NO,2020-11-04 05:39:23,70.37,31.11,37.4,73,0,12.75
288,Caucaia,BR,2020-11-04 05:39:23,-3.74,-38.65,81.0,83,75,6.93
289,Half Moon Bay,US,2020-11-04 05:39:23,37.46,-122.43,55.4,100,90,8.05
290,Nanortalik,GL,2020-11-04 05:39:23,60.14,-45.24,36.79,81,100,16.46
291,Kruisfontein,ZA,2020-11-04 05:39:23,-34.0,24.73,69.01,85,100,1.99
292,Katsuura,JP,2020-11-04 05:39:24,35.13,140.3,66.0,39,20,8.05
293,Kibre Mengist,ET,2020-11-04 05:39:24,5.88,38.98,67.12,70,81,4.29
294,Palana,RU,2020-11-04 05:39:24,59.12,159.97,35.31,100,100,9.33
295,Russell,US,2020-11-04 05:39:24,32.35,-85.2,48.2,81,1,2.84
296,Poum,NC,2020-11-04 05:39:25,-20.23,164.02,76.46,83,100,13.18
297,Lerwick,GB,2020-11-04 05:39:25,60.15,-1.15,46.4,81,74,25.28
298,Itacoatiara,BR,2020-11-04 05:39:25,-3.14,-58.44,77.45,81,84,1.66
299,Moba,CN,2020-11-04 05:39:25,33.23,105.02,43.02,75,100,5.19
300,Dongkan,CN,2020-11-04 05:38:06,34.0,119.83,62.51,29,13,5.14
301,Port Moresby,PG,2020-11-04 05:39:25,-9.44,147.18,87.8,62,40,11.41
302,Grindavik,IS,2020-11-04 05:39:26,63.84,-22.43,46.4,100,90,26.4
303,Standerton,ZA,2020-11-04 05:39:26,-26.93,29.24,71.01,48,80,3.49
304,Chervone,UA,2020-11-04 05:39:27,49.96,28.86,40.69,91,0,3.58
305,Puerto Baquerizo Moreno,EC,2020-11-04 05:39:27,-0.9,-89.6,68.32,80,88,9.8
306,Labuhan,ID,2020-11-04 05:39:27,-6.88,112.21,88.09,61,65,8.63
307,Nikolskoye,RU,2020-11-04 05:39:27,59.7,30.79,45.0,87,0,4.47
308,Gandai,IN,2020-11-04 05:39:27,21.67,81.1,83.98,26,6,4.83
309,Salinas,US,2020-11-04 05:39:28,36.68,-121.66,54.0,87,1,2.71
310,Berlevag,NO,2020-11-04 05:39:28,70.86,29.09,40.19,71,0,16.51
311,Coihaique,CL,2020-11-04 05:39:28,-45.58,-72.07,51.8,71,0,4.7
312,Kitimat,CA,2020-11-04 05:39:02,54.05,-128.65,45.0,87,95,4.23
313,Tomatlan,MX,2020-11-04 05:39:29,19.93,-105.25,69.78,73,27,2.82
314,Mazagao,BR,2020-11-04 05:39:29,-0.12,-51.29,75.2,100,90,4.7
315,Makubetsu,JP,2020-11-04 05:39:29,45.37,141.82,35.6,59,75,28.86
316,Channel-Port Aux Basques,CA,2020-11-04 05:39:30,47.57,-59.14,31.55,92,100,24.87
317,Taoudenni,ML,2020-11-04 05:39:30,22.68,-3.98,70.59,22,0,5.08
318,Sakakah,SA,2020-11-04 05:37:45,29.97,40.21,64.4,72,0,5.68
319,Quelimane,MZ,2020-11-04 05:39:31,-17.88,36.89,82.4,78,20,6.93
320,Tarko-Sale,RU,2020-11-04 05:39:31,64.92,77.78,25.14,98,100,9.33
321,Marzuq,YE,2020-11-04 05:39:31,14.4,46.47,72.34,20,0,4.23
322,Rio Tercero,AR,2020-11-04 05:39:31,-32.17,-64.11,61.0,43,0,4.0
323,Tommot,RU,2020-11-04 05:39:32,58.96,126.29,17.69,94,100,9.82
324,Camana,PE,2020-11-04 05:39:32,-16.62,-72.71,61.36,81,33,6.93
325,Maralal,KE,2020-11-04 05:39:32,1.1,36.7,64.47,77,56,8.21
326,Pombas,CV,2020-11-04 05:39:32,17.15,-25.02,75.2,78,75,19.46
327,Ancud,CL,2020-11-04 05:39:32,-41.87,-73.82,52.0,100,90,14.99
328,Bardiyah,LY,2020-11-04 05:39:33,31.76,25.09,66.15,78,22,16.17
329,Miramar,US,2020-11-04 05:39:33,25.99,-80.23,75.2,57,75,18.34
330,Catazaja,MX,2020-11-04 05:39:33,17.73,-92.02,68.63,92,69,6.08
331,Timra,SE,2020-11-04 05:39:33,62.49,17.33,30.2,100,0,2.24
332,Noto,IT,2020-11-04 05:39:34,36.89,15.07,53.6,93,4,6.93
333,Namatanai,PG,2020-11-04 05:39:34,-3.67,152.43,84.16,75,100,5.91
334,Okhotsk,RU,2020-11-04 05:39:34,59.38,143.3,29.97,92,100,13.49
335,Shakhta,RU,2020-11-04 05:39:34,59.09,57.65,30.0,90,32,3.0
336,Ulaangom,MN,2020-11-04 05:39:34,49.98,92.07,35.33,66,100,15.86
337,Panevezys,LT,2020-11-04 05:39:10,55.73,24.35,42.8,100,90,6.93
338,Bandarbeyla,SO,2020-11-04 05:39:35,9.49,50.81,78.57,70,51,17.92
339,Salinopolis,BR,2020-11-04 05:39:35,-0.61,-47.36,79.56,84,90,8.57
340,Boralday,KZ,2020-11-04 05:39:36,43.36,76.86,51.8,25,75,4.47
341,Victoria,HK,2020-11-04 05:39:36,22.29,114.16,77.0,59,5,1.99
342,Torbay,CA,2020-11-04 05:39:36,47.67,-52.73,44.01,100,90,25.28
343,Deputatskiy,RU,2020-11-04 05:39:36,69.3,139.9,-17.12,86,0,1.95
344,Prince Albert,CA,2020-11-04 05:36:16,53.2,-105.77,39.2,80,90,5.82
345,Port Lincoln,AU,2020-11-04 05:38:22,-34.73,135.87,57.96,62,86,18.86
346,Pangnirtung,CA,2020-11-04 05:39:37,66.15,-65.71,12.79,80,94,11.56
347,Ukiah,US,2020-11-04 05:39:21,39.15,-123.21,57.99,47,1,2.08
348,Villa Maria,AR,2020-11-04 05:39:37,-32.41,-63.24,61.0,66,0,1.01
349,Daru,PG,2020-11-04 05:39:37,-9.08,143.21,81.37,81,100,10.49
350,Ostrovnoy,RU,2020-11-04 05:39:38,68.05,39.51,36.5,88,34,15.82
351,Veraval,IN,2020-11-04 05:39:38,20.9,70.37,86.97,42,0,5.46
352,Henties Bay,NA,2020-11-04 05:39:38,-22.12,14.28,55.99,93,1,5.73
353,Nioro,GM,2020-11-04 05:39:39,13.35,-15.75,75.38,67,2,4.07
354,Soure,BR,2020-11-04 05:39:39,-0.72,-48.52,79.79,82,100,10.56
355,Phalombe,MW,2020-11-04 05:39:39,-15.81,35.65,80.62,43,0,7.18
356,Shimoda,JP,2020-11-04 05:39:40,34.67,138.95,62.6,51,40,8.05
357,Gambela,ET,2020-11-04 05:39:40,8.25,34.58,79.84,64,0,6.04
358,Sinnamary,GF,2020-11-04 05:39:40,5.38,-52.95,78.91,88,77,9.48
359,Boundiali,CI,2020-11-04 05:39:41,9.52,-6.49,71.91,73,39,3.29
360,Ossora,RU,2020-11-04 05:39:41,59.24,163.07,41.29,93,100,26.57
361,Kavieng,PG,2020-11-04 05:39:41,-2.57,150.8,85.46,71,100,5.59
362,Kloulklubed,PW,2020-11-04 05:39:42,7.04,134.26,86.0,70,90,6.93
363,Neuquen,AR,2020-11-04 05:39:42,-38.95,-68.06,69.8,43,0,9.19
364,Pacasmayo,PE,2020-11-04 05:39:42,-7.4,-79.57,62.08,83,15,7.94
365,Sunbury,AU,2020-11-04 05:39:42,-37.58,144.73,57.99,87,75,16.11
366,Zyuzelskiy,RU,2020-11-04 05:37:59,56.49,60.13,32.0,72,0,2.24
367,Filingue,NE,2020-11-04 05:39:43,14.35,3.32,78.67,23,85,7.07
368,Parrita,CR,2020-11-04 05:39:43,9.52,-84.32,68.0,100,90,5.82
369,Mahibadhoo,MV,2020-11-04 05:39:43,3.78,72.97,83.61,65,87,1.57
370,Leningradskiy,RU,2020-11-04 05:39:43,69.38,178.42,3.31,83,21,9.15
371,Bajmok,RS,2020-11-04 05:39:43,45.97,19.42,50.68,93,26,5.68
372,Maningrida,AU,2020-11-04 05:39:44,-12.07,134.27,90.19,46,100,11.61
373,Kaoma,ZM,2020-11-04 05:39:44,-14.78,24.8,66.33,89,100,7.54
374,Rawson,AR,2020-11-04 05:39:44,-43.3,-65.1,67.59,45,96,9.95
375,Balotra,IN,2020-11-04 05:39:44,25.83,72.23,85.57,18,0,4.88
376,Candido Mendes,BR,2020-11-04 05:39:44,-1.45,-45.72,76.23,91,99,4.14
377,Muros,ES,2020-11-04 05:39:45,42.78,-9.06,43.0,95,18,8.95
378,Eatonton,US,2020-11-04 05:39:45,33.33,-83.39,48.0,67,0,2.1
379,Saint-Augustin,CA,2020-11-04 05:39:45,51.23,-58.65,24.08,77,55,14.65
380,Yumen,CN,2020-11-04 05:39:45,40.28,97.2,53.22,33,25,16.33
381,Bosaso,SO,2020-11-04 05:39:45,11.28,49.18,77.0,83,40,4.7
382,Sesheke,ZM,2020-11-04 05:39:46,-17.48,24.3,66.2,82,53,1.12
383,Adrar,MR,2020-11-04 05:39:46,20.5,-10.07,74.59,20,0,5.53
384,Bairiki,KI,2020-11-04 05:39:46,1.33,172.98,86.0,62,20,12.75
385,Duku,NG,2020-11-04 05:39:46,11.24,4.91,79.11,24,93,6.8
386,Hazleton,US,2020-11-04 05:39:47,40.96,-75.97,39.0,96,1,3.04
387,Shelburne,CA,2020-11-04 05:39:47,44.08,-80.2,39.0,78,3,13.62
388,Atambua,ID,2020-11-04 05:39:47,-9.11,124.89,88.66,45,79,1.25
389,Sumter,US,2020-11-04 05:39:47,28.71,-82.08,59.0,82,0,6.69
390,Iquitos,PE,2020-11-04 05:39:47,-3.75,-73.25,75.02,89,100,1.1
391,Raudeberg,NO,2020-11-04 05:39:48,61.99,5.14,44.6,81,94,11.41
392,Georgiyevskoye,RU,2020-11-04 05:39:48,58.73,45.02,39.42,94,100,8.16
393,Taltal,CL,2020-11-04 05:39:48,-25.4,-70.48,54.88,81,32,3.15
394,Viedma,AR,2020-11-04 05:39:48,-40.81,-63.0,71.01,57,100,8.01
395,Dawlatabad,AF,2020-11-04 05:39:49,36.41,64.91,68.34,18,0,3.06
396,Anchorage,US,2020-11-04 05:39:49,61.22,-149.9,12.0,55,1,3.36
397,Hambantota,LK,2020-11-04 05:39:20,6.12,81.12,89.6,66,40,4.7
398,Vestmanna,FO,2020-11-04 05:39:49,62.16,-7.17,44.6,81,75,17.22
399,Shangrao,CN,2020-11-04 05:39:50,28.45,117.97,64.87,49,27,9.82
400,Sur,OM,2020-11-04 05:39:50,22.57,59.53,82.45,23,0,4.07
401,Sobolevo,RU,2020-11-04 05:39:50,54.43,31.9,43.41,87,76,7.74
402,Baiao,BR,2020-11-04 05:39:51,-2.79,-49.67,72.81,92,89,1.5
403,Lagoa,PT,2020-11-04 05:39:51,39.05,-27.98,61.18,69,87,16.8
404,Butembo,CD,2020-11-04 05:39:51,0.15,29.28,69.76,69,99,1.7
405,Bilma,NE,2020-11-04 05:39:52,18.69,12.92,68.74,25,10,7.83
406,Richards Bay,ZA,2020-11-04 05:39:52,-28.78,32.04,77.49,71,14,7.2
407,Baykalsk,RU,2020-11-04 05:39:52,51.51,104.15,33.76,88,99,5.23
408,Gympie,AU,2020-11-04 05:39:52,-26.19,152.66,72.0,68,68,3.0
409,Beloha,MG,2020-11-04 05:39:52,-25.17,45.05,89.22,33,0,7.67
410,Khalkhal,IR,2020-11-04 05:39:53,37.62,48.53,55.96,50,60,4.0
411,America Dourada,BR,2020-11-04 05:39:53,-11.46,-41.44,68.27,88,100,3.24
412,Tramore,IE,2020-11-04 05:39:53,52.16,-7.15,39.99,87,1,4.0
413,Grand Baie,MU,2020-11-04 05:39:53,-20.02,57.58,77.0,57,33,11.01
414,Sarakhs,IR,2020-11-04 05:39:53,36.54,61.16,55.4,32,0,5.46
415,Watertown,US,2020-11-04 05:35:41,42.37,-71.18,34.0,74,1,2.3
416,Guarapari,BR,2020-11-04 05:39:54,-20.67,-40.5,69.01,88,75,5.21
417,Pozo Colorado,PY,2020-11-04 05:39:54,-23.49,-58.8,66.9,42,0,5.39
418,Magadan,RU,2020-11-04 05:39:55,59.57,150.8,32.58,90,82,1.19
419,Mocuba,MZ,2020-11-04 05:39:55,-16.84,36.99,87.39,47,0,5.5
420,Porto Novo,BJ,2020-11-04 05:39:55,6.5,2.6,80.6,83,40,8.05
421,Agde,FR,2020-11-04 05:39:55,43.31,3.48,51.8,87,0,4.7
422,Quesnel,CA,2020-11-04 05:36:02,53.0,-122.5,46.4,81,90,6.93
423,Lufilufi,WS,2020-11-04 05:39:56,-13.87,-171.6,82.4,88,75,4.7
424,Ponta Delgada,PT,2020-11-04 05:39:56,37.73,-25.67,59.0,67,75,8.05
425,Jewar,IN,2020-11-04 05:39:56,28.13,77.55,71.6,43,0,4.32
426,Doha,QA,2020-11-04 05:37:28,25.29,51.53,84.2,42,0,2.24
427,Alofi,NU,2020-11-04 05:39:57,-19.06,-169.92,77.0,78,33,19.46
428,Turayf,SA,2020-11-04 05:39:57,31.67,38.66,55.4,82,5,9.17
429,Washington,US,2020-11-04 05:35:22,47.5,-120.5,43.0,100,20,0.96
430,Asau,RO,2020-11-04 05:39:58,46.43,26.4,45.0,97,95,2.13
431,Konakovo,RU,2020-11-04 05:39:58,56.7,36.77,41.97,91,19,7.49
432,Praia,CV,2020-11-04 05:39:58,14.92,-23.51,71.6,88,0,4.7
433,Omsukchan,RU,2020-11-04 05:39:58,62.53,155.8,15.91,94,100,6.53
434,Platanos,GR,2020-11-04 05:39:59,37.67,21.62,55.4,93,20,3.36
435,Puri,IN,2020-11-04 05:39:59,19.8,85.85,84.2,70,54,8.05
436,Magadi,IN,2020-11-04 05:40:00,12.97,77.23,84.99,85,5,6.24
437,Areosa,PT,2020-11-04 05:40:00,41.72,-8.86,51.01,75,0,8.05
438,Muroto,JP,2020-11-04 05:40:00,33.28,134.15,62.6,39,0,4.7
439,Agadez,NE,2020-11-04 05:40:01,19.75,10.25,64.67,31,81,7.61
440,Hondo,JP,2020-11-04 05:40:01,32.45,130.2,60.8,38,0,8.05
441,Shahrud,IR,2020-11-04 05:40:01,36.42,54.98,63.5,28,6,3.13
442,Lasa,IT,2020-11-04 05:40:02,46.62,10.7,48.99,86,75,5.82
443,Kulob,TJ,2020-11-04 05:40:02,37.91,69.78,66.2,20,0,2.24
444,Aklavik,CA,2020-11-04 05:36:03,68.22,-135.01,5.0,84,87,4.7
445,Jasper,US,2020-11-04 05:39:19,37.2,-94.35,59.0,47,1,12.75
446,Duncan,US,2020-11-04 05:40:03,34.5,-97.96,59.0,58,1,8.05
447,Garden City,US,2020-11-04 05:40:03,42.33,-83.33,53.01,53,1,11.41
448,Coahuayana,MX,2020-11-04 05:40:03,18.73,-103.68,74.7,64,0,3.42
449,Olafsvik,IS,2020-11-04 05:40:04,64.89,-23.71,46.31,95,100,21.27
450,Sisimiut,GL,2020-11-04 05:39:54,66.94,-53.67,32.36,95,100,55.39
451,Port Hedland,AU,2020-11-04 05:40:04,-20.32,118.57,96.8,32,0,14.99
452,Petropavlovsk-Kamchatskiy,RU,2020-11-04 05:40:04,53.05,158.65,50.0,31,29,15.66
453,Sungaipenuh,ID,2020-11-04 05:40:05,-2.08,101.38,79.16,58,100,4.25
454,Margate,GB,2020-11-04 05:40:05,51.38,1.39,51.01,66,0,1.99
455,Oktyabrskoye,RU,2020-11-04 05:40:05,43.06,44.74,41.0,100,52,4.47
456,Chaohu,CN,2020-11-04 05:40:06,31.6,117.87,66.2,25,0,6.71
457,Grand-Santi,GF,2020-11-04 05:40:06,4.25,-54.38,72.81,97,90,1.95
458,Irbil,IQ,2020-11-04 05:39:38,36.19,44.01,62.6,77,20,2.24
459,Tuzha,RU,2020-11-04 05:40:06,57.61,47.94,36.81,93,5,9.48
460,Keningau,MY,2020-11-04 05:40:07,5.34,116.16,89.6,75,20,5.82
461,Maridi,SS,2020-11-04 05:40:07,4.92,29.47,75.81,86,75,3.83
462,Valdivia,CL,2020-11-04 05:40:07,-39.81,-73.25,51.8,100,90,2.24
463,Arvika,SE,2020-11-04 05:40:07,59.66,12.59,42.8,100,84,6.93
464,Labytnangi,RU,2020-11-04 05:40:08,66.66,66.42,33.06,97,100,6.53
465,Baker City,US,2020-11-04 05:35:23,44.77,-117.83,41.0,59,1,4.7
466,Sosnovo-Ozerskoye,RU,2020-11-04 05:40:08,52.52,111.54,23.88,93,83,10.6
467,Macrohon,PH,2020-11-04 05:40:08,10.08,124.94,84.43,68,100,5.12
468,Banda Aceh,ID,2020-11-04 05:37:13,5.56,95.32,85.26,65,67,4.32
469,Naze,JP,2020-11-04 05:40:09,28.37,129.48,69.8,64,75,17.22
470,Khandyga,RU,2020-11-04 05:40:09,62.67,135.6,-3.84,85,82,0.83
471,Tazovskiy,RU,2020-11-04 05:40:10,67.47,78.7,7.5,96,100,10.33
472,Pljevlja,ME,2020-11-04 05:40:10,43.33,19.33,51.8,93,0,1.12
473,Dalian,CN,2020-11-04 05:40:10,38.91,121.6,59.0,38,0,11.18
474,Balabac,PH,2020-11-04 05:40:10,7.99,117.06,84.61,73,100,11.88
475,Faya,SA,2020-11-04 05:40:11,18.39,42.45,60.8,87,20,3.56
476,Denpasar,ID,2020-11-04 05:36:58,-8.65,115.22,84.67,76,19,9.91
477,Lebork,PL,2020-11-04 05:40:11,54.54,17.75,48.99,81,0,8.05
478,Rio Cuarto,AR,2020-11-04 05:35:52,-33.13,-64.35,66.0,50,0,10.0
479,The Valley,AI,2020-11-04 05:40:12,18.22,-63.06,81.0,69,75,9.17
480,Wanaka,NZ,2020-11-04 05:37:59,-44.7,169.15,60.82,76,66,6.87
481,Lavrentiya,RU,2020-11-04 05:40:12,65.58,-171.0,15.53,81,0,7.2
482,Marica,BR,2020-11-04 05:37:23,-22.92,-42.82,66.2,88,75,4.7
483,Conway,US,2020-11-04 05:38:35,35.09,-92.44,52.0,93,75,5.82
484,Baykit,RU,2020-11-04 05:40:13,61.67,96.37,21.31,93,100,8.16
485,Matadi,CD,2020-11-04 05:40:13,-5.82,13.45,78.17,83,100,2.71
486,Novyy Buh,UA,2020-11-04 05:40:14,47.69,32.52,46.4,87,0,8.95
487,Kerema,PG,2020-11-04 05:40:14,-7.96,145.78,78.39,86,100,10.6
488,Brigantine,US,2020-11-04 05:40:14,39.41,-74.36,46.99,86,1,3.06
489,Hauterive,FR,2020-11-04 05:40:14,46.09,3.45,37.4,93,75,2.59
490,Castelo Do Piaui,BR,2020-11-04 05:40:15,-5.32,-41.55,73.22,91,100,0.83
491,Tromso,NO,2020-11-04 05:40:15,69.65,18.96,44.6,56,75,33.33
492,Dourbali,TD,2020-11-04 05:40:15,11.81,15.86,80.4,23,23,12.39
493,Aquiraz,BR,2020-11-04 05:40:09,-3.9,-38.39,80.6,83,75,6.93
494,Stabat,ID,2020-11-04 05:40:16,3.76,98.45,78.62,83,100,1.83
495,Innisfail,AU,2020-11-04 05:40:16,-17.53,146.03,82.0,36,53,5.01
496,Geraldton,AU,2020-11-04 05:40:16,-28.77,114.6,80.6,39,34,20.8
497,Sao Filipe,CV,2020-11-04 05:40:17,14.9,-24.5,77.67,74,93,5.91
498,Sitka,US,2020-11-04 05:40:17,57.05,-135.33,37.4,86,75,10.29
499,Nicoya,CR,2020-11-04 05:40:17,10.15,-85.45,73.02,95,100,2.86
500,Ketchikan,US,2020-11-04 05:40:17,55.34,-131.65,39.2,93,75,3.36
501,Saint Anthony,US,2020-11-04 05:40:17,45.02,-93.22,57.2,50,1,4.7
502,Mamakan,RU,2020-11-04 05:40:18,57.82,114.0,25.57,89,100,4.45
503,Usinsk,RU,2020-11-04 05:40:18,65.99,57.53,40.23,95,100,18.72
504,Madang,PG,2020-11-04 05:40:18,-5.22,145.8,78.62,81,100,0.6
505,Westport,US,2020-11-04 05:39:45,41.14,-73.36,39.99,55,75,8.05
506,Alausi,EC,2020-11-04 05:40:19,-2.2,-78.83,43.83,79,65,5.55
507,Klaksvik,FO,2020-11-04 05:40:19,62.23,-6.59,44.6,81,93,17.22
508,Manggar,ID,2020-11-04 05:40:20,-2.88,108.27,86.07,66,66,9.95
509,Black River,JM,2020-11-04 05:40:20,18.03,-77.85,78.8,83,75,11.41
510,Prince Rupert,CA,2020-11-04 05:40:20,54.32,-130.32,44.6,100,90,8.05
511,Mokhotlong,LS,2020-11-04 05:40:20,-29.29,29.07,61.34,43,72,2.08
512,Baruun-Urt,MN,2020-11-04 05:40:21,46.68,113.28,37.62,59,0,6.02
513,Chulym,RU,2020-11-04 05:40:21,55.1,80.96,30.56,92,100,14.92
514,Alyangula,AU,2020-11-04 05:40:21,-13.85,136.42,82.4,74,75,9.17
515,Mitsamiouli,KM,2020-11-04 05:40:21,-11.38,43.28,79.18,67,39,7.83
516,Qaqortoq,GL,2020-11-04 05:40:22,60.72,-46.03,33.8,86,100,10.29
517,Mahenge,TZ,2020-11-04 05:40:22,-8.68,36.72,67.59,78,88,4.36
518,Chengde,CN,2020-11-04 05:40:22,40.97,117.94,52.11,36,0,0.2
519,Teguise,ES,2020-11-04 05:40:22,29.06,-13.56,69.8,73,20,12.75
520,Tokur,RU,2020-11-04 05:40:23,53.13,132.9,13.6,88,79,9.01
521,Lulea,SE,2020-11-04 05:40:23,65.58,22.15,39.2,80,0,6.93
522,Mahanoro,MG,2020-11-04 05:40:23,-19.9,48.8,77.22,58,86,4.72
523,Vallenar,CL,2020-11-04 05:39:00,-28.57,-70.76,53.24,81,80,1.34
524,Bhimunipatnam,IN,2020-11-04 05:40:23,17.88,83.43,89.6,62,20,6.93
525,Guatire,VE,2020-11-04 05:40:24,10.48,-66.54,80.6,78,40,1.12
526,Charters Towers,AU,2020-11-04 05:40:24,-20.1,146.27,92.16,22,2,8.99
527,Svetlyy,RU,2020-11-04 05:40:24,54.67,20.13,46.4,93,20,6.71
528,Nizwa,OM,2020-11-04 05:36:40,22.93,57.53,82.58,14,0,3.89
529,Srednekolymsk,RU,2020-11-04 05:40:25,67.45,153.68,-2.42,86,67,14.7
530,Progreso,MX,2020-11-04 05:40:25,21.28,-89.67,75.2,83,75,6.93
531,Banjar,ID,2020-11-04 05:40:25,-8.19,114.97,86.34,67,62,1.74
532,Sharanga,RU,2020-11-04 05:40:25,57.18,46.54,37.15,96,11,8.99
533,Urengoy,RU,2020-11-04 05:40:26,65.97,78.37,20.77,98,100,10.51
534,Astoria,US,2020-11-04 05:40:26,46.19,-123.83,57.99,93,90,17.22
535,Guerrero Negro,MX,2020-11-04 05:40:26,27.98,-114.06,68.34,80,7,9.62
536,Gimbi,ET,2020-11-04 05:40:26,9.17,35.83,67.69,77,0,1.81
537,Dunedin,NZ,2020-11-04 05:39:54,-45.87,170.5,61.0,72,0,11.01
538,Itarema,BR,2020-11-04 05:39:57,-2.92,-39.92,78.6,82,85,8.61
539,Kisanga,TZ,2020-11-04 05:40:27,-7.44,37.7,80.83,59,62,5.35
540,Laguna,US,2020-11-04 05:40:27,38.42,-121.42,55.99,58,1,4.7
541,Dudinka,RU,2020-11-04 05:40:27,69.41,86.18,-7.6,83,0,4.47
542,Dicabisagan,PH,2020-11-04 05:40:28,17.08,122.42,77.56,84,98,13.0
